<featureType>
  <id>FeatureTypeInfoImpl-51fd0319:194473364bb:-7fdb</id>
  <name>mesorregioes</name>
  <nativeName>mesorregioes</nativeName>
  <namespace>
    <id>NamespaceInfoImpl-16e00787:1944695fdef:-7fff</id>
  </namespace>
  <title>mesorregioes</title>
  <keywords>
    <string>mesorregioes</string>
    <string>features</string>
  </keywords>
  <nativeCRS>GEOGCS[&quot;SIRGAS 2000&quot;, &#xd;
  DATUM[&quot;Sistema de Referencia Geocentrico para las AmericaS 2000&quot;, &#xd;
    SPHEROID[&quot;GRS 1980&quot;, 6378137.0, 298.257222101, AUTHORITY[&quot;EPSG&quot;,&quot;7019&quot;]], &#xd;
    TOWGS84[0.0, 0.0, 0.0, 0.0, 0.0, 0.0, 0.0], &#xd;
    AUTHORITY[&quot;EPSG&quot;,&quot;6674&quot;]], &#xd;
  PRIMEM[&quot;Greenwich&quot;, 0.0, AUTHORITY[&quot;EPSG&quot;,&quot;8901&quot;]], &#xd;
  UNIT[&quot;degree&quot;, 0.017453292519943295], &#xd;
  AXIS[&quot;Geodetic longitude&quot;, EAST], &#xd;
  AXIS[&quot;Geodetic latitude&quot;, NORTH], &#xd;
  AUTHORITY[&quot;EPSG&quot;,&quot;4674&quot;]]</nativeCRS>
  <srs>EPSG:4674</srs>
  <nativeBoundingBox>
    <minx>-122.19</minx>
    <maxx>-25.28</maxx>
    <miny>-59.87</miny>
    <maxy>32.72</maxy>
    <crs>EPSG:4674</crs>
  </nativeBoundingBox>
  <latLonBoundingBox>
    <minx>-122.19000000000003</minx>
    <maxx>-25.28</maxx>
    <miny>-59.87000002665922</miny>
    <maxy>32.72000003059029</maxy>
    <crs>EPSG:4326</crs>
  </latLonBoundingBox>
  <projectionPolicy>FORCE_DECLARED</projectionPolicy>
  <enabled>true</enabled>
  <metadata>
    <entry key="cachingEnabled">false</entry>
  </metadata>
  <store class="dataStore">
    <id>DataStoreInfoImpl-16e00787:1944695fdef:-7ffe</id>
  </store>
  <serviceConfiguration>false</serviceConfiguration>
  <simpleConversionEnabled>false</simpleConversionEnabled>
  <maxFeatures>0</maxFeatures>
  <numDecimals>0</numDecimals>
  <padWithZeros>false</padWithZeros>
  <forcedDecimal>false</forcedDecimal>
  <overridingServiceSRS>false</overridingServiceSRS>
  <skipNumberMatched>false</skipNumberMatched>
  <circularArcPresent>false</circularArcPresent>
</featureType>