<layer>
  <name>mesorregioes</name>
  <id>LayerInfoImpl-51fd0319:194473364bb:-7fda</id>
  <type>VECTOR</type>
  <defaultStyle>
    <id>StyleInfoImpl-51fd0319:194473364bb:-7ffa</id>
  </defaultStyle>
  <styles class="linked-hash-set">
    <style>
      <id>StyleInfoImpl-51fd0319:194473364bb:-7ffa</id>
    </style>
  </styles>
  <resource class="featureType">
    <id>FeatureTypeInfoImpl-51fd0319:194473364bb:-7fdb</id>
  </resource>
  <attribution>
    <logoWidth>0</logoWidth>
    <logoHeight>0</logoHeight>
  </attribution>
  <dateCreated>2025-01-08 18:45:10.690 UTC</dateCreated>
</layer>