<layer>
  <name>area_de_quilombolas</name>
  <id>LayerInfoImpl-51fd0319:194473364bb:-7fee</id>
  <type>VECTOR</type>
  <defaultStyle>
    <id>StyleInfoImpl-51fd0319:194473364bb:-8000</id>
  </defaultStyle>
  <styles class="linked-hash-set">
    <style>
      <id>StyleInfoImpl-51fd0319:194473364bb:-8000</id>
    </style>
  </styles>
  <resource class="featureType">
    <id>FeatureTypeInfoImpl-51fd0319:194473364bb:-7fef</id>
  </resource>
  <attribution>
    <logoWidth>0</logoWidth>
    <logoHeight>0</logoHeight>
  </attribution>
  <dateCreated>2025-01-08 18:42:04.765 UTC</dateCreated>
</layer>