<layer>
  <name>legenda</name>
  <id>LayerInfoImpl-16e00787:1944695fdef:-7ff9</id>
  <type>VECTOR</type>
  <defaultStyle>
    <id>StyleInfoImpl-16e00787:1944695fdef:-7ffd</id>
  </defaultStyle>
  <styles class="linked-hash-set">
    <style>
      <id>StyleInfoImpl-16e00787:1944695fdef:-7ffd</id>
    </style>
  </styles>
  <resource class="featureType">
    <id>FeatureTypeInfoImpl-16e00787:1944695fdef:-7ffa</id>
  </resource>
  <attribution>
    <logoWidth>0</logoWidth>
    <logoHeight>0</logoHeight>
  </attribution>
  <dateCreated>2025-01-08 15:57:31.698 UTC</dateCreated>
  <dateModified>2025-01-08 15:58:39.824 UTC</dateModified>
</layer>