<layer>
  <name>imoveis_rurais</name>
  <id>LayerInfoImpl-51fd0319:194473364bb:-7fde</id>
  <type>VECTOR</type>
  <defaultStyle>
    <id>StyleInfoImpl-51fd0319:194473364bb:-7ffb</id>
  </defaultStyle>
  <styles class="linked-hash-set">
    <style>
      <id>StyleInfoImpl-51fd0319:194473364bb:-7ffb</id>
    </style>
  </styles>
  <resource class="featureType">
    <id>FeatureTypeInfoImpl-51fd0319:194473364bb:-7fdf</id>
  </resource>
  <attribution>
    <logoWidth>0</logoWidth>
    <logoHeight>0</logoHeight>
  </attribution>
  <dateCreated>2025-01-08 18:44:36.883 UTC</dateCreated>
</layer>