<layerGroup>
  <id>LayerGroupInfoImpl-51fd0319:194473364bb:-7fc9</id>
  <name>zoom_a_partir_15</name>
  <mode>SINGLE</mode>
  <title>zoom_a_partir_15</title>
  <workspace>
    <id>WorkspaceInfoImpl-16e00787:1944695fdef:-8000</id>
  </workspace>
  <internationalTitle/>
  <internationalAbstract/>
  <publishables>
    <published type="layer">
      <id>LayerInfoImpl-51fd0319:194473364bb:-7fca</id>
    </published>
    <published type="layer">
      <id>LayerInfoImpl-51fd0319:194473364bb:-7fde</id>
    </published>
    <published type="layer">
      <id>LayerInfoImpl-51fd0319:194473364bb:-7fea</id>
    </published>
    <published type="layer">
      <id>LayerInfoImpl-51fd0319:194473364bb:-7fce</id>
    </published>
    <published type="layer">
      <id>LayerInfoImpl-51fd0319:194473364bb:-7fee</id>
    </published>
    <published type="layer">
      <id>LayerInfoImpl-51fd0319:194473364bb:-7fe2</id>
    </published>
    <published type="layer">
      <id>LayerInfoImpl-51fd0319:194473364bb:-7fe6</id>
    </published>
    <published type="layer">
      <id>LayerInfoImpl-51fd0319:194473364bb:-7ff2</id>
    </published>
    <published type="layer">
      <id>LayerInfoImpl-51fd0319:194473364bb:-7fd2</id>
    </published>
  </publishables>
  <styles>
    <style/>
    <style/>
    <style/>
    <style/>
    <style/>
    <style/>
    <style/>
    <style/>
    <style/>
  </styles>
  <bounds>
    <minx>-122.19000000000003</minx>
    <maxx>-25.279999999999998</maxx>
    <miny>-59.87000005495508</miny>
    <maxy>32.72000006289756</maxy>
    <crs>EPSG:4674</crs>
  </bounds>
  <dateCreated>2025-01-08 18:49:45.600 UTC</dateCreated>
  <dateModified>2025-01-08 18:55:34.997 UTC</dateModified>
</layerGroup>