<layerGroup>
  <id>LayerGroupInfoImpl-51fd0319:194473364bb:-7fc8</id>
  <name>zoom_ate_9</name>
  <mode>SINGLE</mode>
  <title>zoom_ate_9</title>
  <workspace>
    <id>WorkspaceInfoImpl-16e00787:1944695fdef:-8000</id>
  </workspace>
  <internationalTitle/>
  <internationalAbstract/>
  <publishables>
    <published type="layer">
      <id>LayerInfoImpl-51fd0319:194473364bb:-7fee</id>
    </published>
    <published type="layer">
      <id>LayerInfoImpl-51fd0319:194473364bb:-7fce</id>
    </published>
    <published type="layer">
      <id>LayerInfoImpl-51fd0319:194473364bb:-7fca</id>
    </published>
    <published type="layer">
      <id>LayerInfoImpl-51fd0319:194473364bb:-7fda</id>
    </published>
  </publishables>
  <styles>
    <style/>
    <style/>
    <style/>
    <style/>
  </styles>
  <bounds>
    <minx>-122.19000000000003</minx>
    <maxx>-25.279999999999998</maxx>
    <miny>-59.87000005495508</miny>
    <maxy>32.72000006289756</maxy>
    <crs>EPSG:4674</crs>
  </bounds>
  <dateCreated>2025-01-08 18:51:27.307 UTC</dateCreated>
</layerGroup>