<layerGroup>
  <id>LayerGroupInfoImpl-51fd0319:194473364bb:-7fc7</id>
  <name>zoom_de_9_ate_15</name>
  <mode>SINGLE</mode>
  <title>zoom_de_9_ate_15</title>
  <workspace>
    <id>WorkspaceInfoImpl-16e00787:1944695fdef:-8000</id>
  </workspace>
  <internationalTitle/>
  <internationalAbstract/>
  <publishables>
    <published type="layer">
      <id>LayerInfoImpl-51fd0319:194473364bb:-7fee</id>
    </published>
    <published type="layer">
      <id>LayerInfoImpl-51fd0319:194473364bb:-7fce</id>
    </published>
    <published type="layer">
      <id>LayerInfoImpl-51fd0319:194473364bb:-7fca</id>
    </published>
    <published type="layer">
      <id>LayerInfoImpl-51fd0319:194473364bb:-7fea</id>
    </published>
    <published type="layer">
      <id>LayerInfoImpl-51fd0319:194473364bb:-7fd6</id>
    </published>
  </publishables>
  <styles>
    <style/>
    <style/>
    <style/>
    <style/>
    <style/>
  </styles>
  <bounds>
    <minx>-122.19</minx>
    <maxx>-25.28</maxx>
    <miny>-59.87</miny>
    <maxy>32.72</maxy>
    <crs>EPSG:4674</crs>
  </bounds>
  <metadata>
    <entry key="cachingEnabled">false</entry>
  </metadata>
  <attribution>
    <logoWidth>0</logoWidth>
    <logoHeight>0</logoHeight>
  </attribution>
  <dateCreated>2025-01-08 18:53:38.584 UTC</dateCreated>
  <dateModified>2025-01-08 19:08:37.191 UTC</dateModified>
</layerGroup>