<layer>
  <name>microrregioes</name>
  <id>LayerInfoImpl-51fd0319:194473364bb:-7fd6</id>
  <type>VECTOR</type>
  <defaultStyle>
    <id>StyleInfoImpl-51fd0319:194473364bb:-7ff9</id>
  </defaultStyle>
  <styles class="linked-hash-set">
    <style>
      <id>StyleInfoImpl-51fd0319:194473364bb:-7ff9</id>
    </style>
  </styles>
  <resource class="featureType">
    <id>FeatureTypeInfoImpl-51fd0319:194473364bb:-7fd7</id>
  </resource>
  <attribution>
    <logoWidth>0</logoWidth>
    <logoHeight>0</logoHeight>
  </attribution>
  <dateCreated>2025-01-08 18:45:41.828 UTC</dateCreated>
</layer>