<layer>
  <name>assentamentos</name>
  <id>LayerInfoImpl-51fd0319:194473364bb:-7fea</id>
  <type>VECTOR</type>
  <defaultStyle>
    <id>StyleInfoImpl-51fd0319:194473364bb:-7ffe</id>
  </defaultStyle>
  <styles class="linked-hash-set">
    <style>
      <id>StyleInfoImpl-51fd0319:194473364bb:-7ffe</id>
    </style>
  </styles>
  <resource class="featureType">
    <id>FeatureTypeInfoImpl-51fd0319:194473364bb:-7feb</id>
  </resource>
  <attribution>
    <logoWidth>0</logoWidth>
    <logoHeight>0</logoHeight>
  </attribution>
  <dateCreated>2025-01-08 18:43:11.529 UTC</dateCreated>
</layer>