<GeoServerTileLayer>
  <id>LayerInfoImpl-51fd0319:194473364bb:-7fe2</id>
  <enabled>true</enabled>
  <inMemoryCached>true</inMemoryCached>
  <name>tcc-postgres:embargos</name>
  <mimeFormats>
    <string>image/png</string>
    <string>image/jpeg</string>
  </mimeFormats>
  <gridSubsets>
    <gridSubset>
      <gridSetName>EPSG:4326</gridSetName>
    </gridSubset>
    <gridSubset>
      <gridSetName>EPSG:900913</gridSetName>
    </gridSubset>
  </gridSubsets>
  <metaWidthHeight>
    <int>4</int>
    <int>4</int>
  </metaWidthHeight>
  <expireCache>0</expireCache>
  <expireClients>0</expireClients>
  <parameterFilters>
    <styleParameterFilter>
      <key>STYLES</key>
      <defaultValue></defaultValue>
      <availableStyles class="sorted-set">
        <string>tcc-postgres:estilo_embargo</string>
      </availableStyles>
      <defaultStyle>tcc-postgres:estilo_embargo</defaultStyle>
    </styleParameterFilter>
  </parameterFilters>
  <gutter>0</gutter>
  <cacheWarningSkips/>
</GeoServerTileLayer>