<GeoServerTileLayer>
  <id>LayerGroupInfoImpl-51fd0319:194473364bb:-7fc7</id>
  <enabled>true</enabled>
  <inMemoryCached>true</inMemoryCached>
  <name>tcc-postgres:zoom_de_9_ate_15</name>
  <mimeFormats>
    <string>image/png</string>
    <string>image/jpeg</string>
  </mimeFormats>
  <gridSubsets>
    <gridSubset>
      <gridSetName>EPSG:4326</gridSetName>
    </gridSubset>
    <gridSubset>
      <gridSetName>EPSG:900913</gridSetName>
    </gridSubset>
  </gridSubsets>
  <metaWidthHeight>
    <int>4</int>
    <int>4</int>
  </metaWidthHeight>
  <expireCache>0</expireCache>
  <expireClients>0</expireClients>
  <parameterFilters/>
  <gutter>0</gutter>
  <cacheWarningSkips/>
</GeoServerTileLayer>